{"cameraMode":{"drawMode":0,"name":"Shaded","section":"Shading Mode"},"sceneLighting":false,"audioPlay":false,"sceneViewState":{"m_AlwaysRefresh":true,"showFog":true,"showSkybox":false,"showFlares":true,"showImageEffects":true,"showParticleSystems":true,"showVisualEffectGraphs":true,"m_FxEnabled":true},"in2DMode":false,"pivot":{"x":-0.0036780834197998049,"y":-0.04021178185939789,"z":5.960464477539063e-8},"rotation":{"x":0.15822549164295197,"y":0.674662709236145,"z":-0.15144139528274537,"w":0.7048837542533875},"size":0.7804065942764282,"orthographic":false}