{"cameraMode":{"drawMode":0,"name":"Shaded","section":"Shading Mode"},"sceneLighting":false,"audioPlay":false,"sceneViewState":{"m_AlwaysRefresh":true,"showFog":true,"showSkybox":false,"showFlares":true,"showImageEffects":true,"showParticleSystems":true,"showVisualEffectGraphs":true,"m_FxEnabled":false},"in2DMode":false,"pivot":{"x":-0.34755071997642519,"y":0.8404202461242676,"z":0.000997781753540039},"rotation":{"x":0.005907862447202206,"y":-0.9820893406867981,"z":0.18571826815605164,"w":0.031236926093697549},"size":1.7122266292572022,"orthographic":false}